CustomerID,Gender,Age,Spending Score,Profession,Work Experience,Family Size,Annual Income
1,Male,19,39,Healthcare,1,4,15000
2,Male,21,81,Engineer,3,3,35000
3,Female,20,6,Engineer,1,1,86000
4,Female,23,77,Lawyer,0,2,59000
5,Female,31,40,Entertainment,2,6,38000
6,Female,22,76,Artist,0,2,58000
7,Female,35,6,Healthcare,1,3,31000
8,Female,23,94,Healthcare,1,3,84000
9,Male,64,3,Engineer,0,3,97000
10,Female,30,72,Artist,1,4,98000
11,Male,67,14,Engineer,1,3,7000
12,Female,35,99,Healthcare,4,4,93000
13,Female,58,15,Executive,0,5,80000
14,Female,24,77,Lawyer,1,1,91000
15,Male,37,13,Doctor,0,1,19000
16,Male,22,79,Healthcare,1,2,51000
17,Female,35,35,Homemaker,9,5,29000
18,Male,20,66,Healthcare,1,6,89000
19,Male,52,29,Entertainment,1,4,20000
20,Female,35,98,Artist,0,1,62000
21,Male,35,35,Homemaker,12,1,96000
22,Male,25,73,Healthcare,3,4,4000
23,Female,46,5,Artist,13,2,42000
24,Male,31,73,Artist,5,2,71000
25,Female,54,14,Executive,1,3,67000
26,Male,29,82,Artist,1,3,52000
27,Female,45,32,Healthcare,9,8,68000
28,Male,35,61,Artist,1,3,78000
29,Female,40,31,Artist,0,1,18000
30,Female,23,87,Artist,5,4,20000
31,Male,60,4,Artist,0,3,39000
32,Female,21,73,Doctor,1,2,34000
33,Male,53,4,Healthcare,1,3,59000
34,Male,18,92,Homemaker,9,7,62000
35,Female,49,14,Lawyer,1,2,91000
36,Female,21,81,Healthcare,3,4,95000
37,Female,42,17,Doctor,5,1,14000
38,Female,30,73,Healthcare,1,5,62000
39,Female,36,26,Artist,8,2,9000
40,Female,20,75,Artist,8,2,69000
41,Female,65,35,Artist,4,1,25000
42,Male,24,92,Healthcare,0,2,85000
43,Male,48,36,Artist,14,3,22000
44,Female,31,61,Artist,1,2,33000
45,Female,49,28,Engineer,8,1,72000
46,Female,24,65,Lawyer,4,2,3000
47,Female,50,55,Artist,0,4,52000
48,Female,27,47,Healthcare,12,1,71000
49,Female,29,42,Healthcare,0,4,78000
50,Female,31,42,Engineer,1,1,25000
51,Female,49,52,Artist,1,2,88000
52,Male,33,60,Artist,1,2,97000
53,Female,31,54,Artist,1,1,74000
54,Male,59,60,Entertainment,0,2,68000
55,Female,50,45,Marketing,1,1,18000
56,Male,47,41,Artist,14,2,95000
57,Female,51,50,Healthcare,9,4,71000
58,Male,69,46,Doctor,8,2,8000
59,Female,27,51,Artist,1,3,57000
60,Male,53,46,Lawyer,1,6,89000
61,Male,70,56,Artist,0,2,84000
62,Male,19,55,Artist,9,2,50000
63,Female,67,52,Lawyer,0,3,50000
64,Female,54,59,Lawyer,1,2,48000
65,Male,63,51,Lawyer,7,2,63000
66,Male,18,59,Entertainment,0,2,9000
67,Female,43,50,Doctor,0,2,3000
68,Female,68,48,Artist,8,4,82000
69,Male,19,59,Artist,0,4,81000
70,Female,32,47,Homemaker,2,2,97000
71,Male,70,55,Healthcare,8,2,91000
72,Female,47,42,Entertainment,8,2,9000
73,Female,60,49,Artist,0,5,44000
74,Female,60,56,Healthcare,8,4,10000
75,Male,59,47,Artist,0,4,89000
76,Male,26,54,Homemaker,0,3,49000
77,Female,45,53,Doctor,0,2,67000
78,Male,40,48,Artist,4,3,99000
79,Female,23,52,Engineer,2,2,97000
80,Female,49,42,,1,1,98000
81,Male,57,51,Healthcare,0,4,52000
82,Male,38,55,Healthcare,6,3,61000
83,Male,67,41,Artist,8,1,120000
84,Female,46,44,Entertainment,8,4,34000
85,Female,21,57,Marketing,1,3,24000
86,Male,48,46,Healthcare,7,5,31000
87,Female,55,58,Artist,0,3,11000
88,Female,22,55,Artist,5,2,55000
89,Female,34,60,Entertainment,7,3,76000
90,Female,50,46,Doctor,0,2,56000
91,Female,68,55,Entertainment,0,3,46000
92,Male,18,41,Artist,1,4,36000
93,Male,48,49,Artist,1,2,88000
94,Female,40,40,Entertainment,1,2,31000
95,Female,32,42,Artist,0,1,24000
96,Male,24,52,Artist,10,1,80000
97,Female,47,47,Artist,0,1,2000
98,Female,27,50,Artist,0,2,67000
99,Male,48,42,Doctor,1,2,58000
100,Male,20,49,Engineer,3,3,80000
101,Female,23,41,Artist,0,4,65000
102,Female,49,48,Executive,1,7,4000
103,Male,67,59,Artist,0,3,98000
104,Male,26,55,Executive,0,5,52000
105,Male,49,56,Healthcare,10,2,86000
106,Female,21,42,Doctor,1,2,82000
107,Female,66,50,Homemaker,3,2,43000
108,Male,54,46,Lawyer,1,1,78000
109,Male,68,43,Healthcare,6,5,13000
110,Male,66,48,Healthcare,9,3,13000
111,Male,65,52,Entertainment,4,4,34000
112,Female,19,54,Artist,0,1,25000
113,Female,38,42,Doctor,1,5,71000
114,Male,19,46,Artist,1,1,2000
115,Female,18,48,Executive,0,3,97000
116,Female,19,50,Executive,8,4,51000
117,Female,63,43,Lawyer,1,1,9000
118,Female,49,59,Artist,0,2,79000
119,Female,51,43,,2,7,84000
120,Female,50,57,Artist,1,2,87000
121,Male,27,56,Executive,0,3,36000
122,Female,38,40,Executive,1,4,50000
123,Female,40,58,Engineer,9,4,97000
124,Male,39,91,Healthcare,1,3,6000
125,Female,23,29,Entertainment,9,2,12000
126,Female,31,77,Marketing,1,2,46000
127,Male,43,35,Engineer,0,7,89000
128,Male,40,95,Artist,0,2,4000
129,Male,59,11,Engineer,0,2,38000
130,Male,38,75,Entertainment,8,5,64000
131,Male,47,9,Executive,9,5,66000
132,Male,39,75,Lawyer,0,2,26000
133,Female,25,34,Healthcare,6,4,41000
134,Female,31,71,Artist,5,1,45000
135,Male,20,5,Engineer,1,2,89000
136,Female,29,88,Executive,5,5,92000
137,Female,44,7,Artist,5,2,76000
138,Male,32,73,Artist,3,4,85000
139,Male,19,10,Marketing,8,4,22000
140,Female,35,72,Artist,4,4,15000
141,Female,57,5,Engineer,0,2,32000
142,Male,32,93,Artist,0,5,66000
143,Female,28,40,Doctor,5,3,62000
144,Female,32,87,Lawyer,1,2,85000
145,Male,25,12,Engineer,0,5,71000
146,Male,28,97,Marketing,8,5,26000
147,Male,48,36,Engineer,9,2,52000
148,Female,32,74,Lawyer,1,1,38000
149,Female,34,22,Healthcare,7,4,51000
150,Male,34,90,Artist,6,3,90000
151,Male,43,17,Lawyer,0,9,30000
152,Male,39,88,Engineer,0,1,41000
153,Female,44,20,Engineer,0,2,17000
154,Female,38,76,Artist,2,2,92000
155,Female,47,16,Healthcare,0,4,80000
156,Female,27,89,Marketing,8,4,10000
157,Male,37,1,Executive,1,1,16000
158,Female,30,78,Artist,3,4,87000
159,Male,34,1,Lawyer,1,2,66000
160,Female,30,73,Artist,3,3,86000
161,Female,56,35,Artist,1,1,9000
162,Female,29,83,Healthcare,1,5,50000
163,Male,19,5,Executive,0,5,35000
164,Female,31,93,Healthcare,1,5,58000
165,Male,50,26,Doctor,0,2,47000
166,Female,36,75,Artist,5,3,54000
167,Male,42,20,Homemaker,9,3,79000
168,Female,33,95,Artist,0,5,83000
169,Female,36,27,Artist,0,3,57000
170,Male,32,63,Artist,2,2,0
171,Male,40,13,Artist,3,5,69000
172,Male,28,75,Executive,0,2,4000
173,Male,36,10,Lawyer,0,2,79000
174,Male,36,92,Artist,5,2,99000
175,Female,52,13,Lawyer,0,2,20000
176,Female,30,86,Artist,3,4,28000
177,Male,58,15,Engineer,11,1,29000
178,Male,27,69,Healthcare,2,6,45000
179,Male,59,14,Healthcare,4,3,86000
180,Male,35,90,Engineer,8,1,42000
181,Female,37,32,Artist,7,2,59000
182,Female,32,86,Entertainment,7,5,61000
183,Male,46,15,Artist,7,1,11000
184,Female,29,88,Artist,4,4,66000
185,Female,41,39,Artist,1,1,39000
186,Male,30,97,Artist,6,2,72000
187,Female,54,24,Lawyer,1,2,14000
188,Male,28,68,Doctor,5,3,44000
189,Female,41,17,Engineer,8,2,76000
190,Female,36,85,Artist,4,2,95000
191,Female,34,23,Artist,5,3,92000
192,Female,32,69,Artist,8,2,98000
193,Male,33,8,Executive,9,2,96000
194,Female,38,91,Artist,10,4,45000
195,Female,47,16,Artist,7,2,8000
196,Female,35,79,Executive,1,3,46000
197,Female,45,28,Artist,0,2,78000
198,Male,32,74,Artist,1,5,4000
199,Male,32,18,Executive,1,2,81000
200,Male,30,83,Artist,4,2,33000
201,Female,21,10,Healthcare,0,3,40000
202,Male,34,16,Healthcare,9,3,85000
203,Female,16,0,Engineer,6,8,60000
204,Female,76,39,Healthcare,4,2,60000
205,Female,62,59,Entertainment,0,2,63000
206,Female,63,52,Healthcare,8,3,10000
207,Female,19,61,Healthcare,0,3,55000
208,Male,46,12,Artist,2,1,93000
209,Female,48,7,Doctor,0,2,15000
210,Female,80,33,Engineer,9,4,39000
211,Female,1,93,Engineer,1,2,57000
212,Female,0,92,Artist,2,1,22000
213,Male,86,70,Marketing,2,4,12000
214,Male,49,82,Lawyer,8,1,50000
215,Male,48,68,Doctor,2,4,95000
216,Female,46,70,Healthcare,3,3,66000
217,Male,79,40,Doctor,6,2,20000
218,Female,83,99,Doctor,8,2,35000
219,Female,66,34,Executive,9,2,71000
220,Female,59,61,,9,1,76000
221,Female,39,33,Artist,5,3,84000
222,Female,95,51,Engineer,4,2,72000
223,Male,43,55,Artist,4,3,33000
224,Female,93,37,Healthcare,1,5,93000
225,Female,40,48,Homemaker,4,1,83000
226,Female,78,8,Engineer,1,1,23000
227,Female,25,77,Artist,5,4,40000
228,Male,76,86,Healthcare,9,4,89000
229,Male,0,64,Marketing,1,1,33000
230,Male,15,30,Healthcare,7,2,94000
231,Female,6,53,Lawyer,8,2,93000
232,Male,84,28,Healthcare,0,4,7000
233,Female,67,88,Lawyer,0,2,18000
234,Female,78,14,Healthcare,0,4,3000
235,Female,4,54,Artist,9,1,84000
236,Female,29,34,Healthcare,0,4,62000
237,Male,91,96,Healthcare,1,5,9000
238,Male,95,35,,0,4,36000
239,Male,55,74,Lawyer,1,4,37000
240,Female,14,11,Artist,1,2,50000
241,Male,92,16,Executive,1,5,83000
242,Female,65,17,Artist,0,3,79000
243,Female,84,14,Healthcare,1,4,40000
244,Female,77,58,Artist,0,6,47000
245,Female,53,20,Artist,0,4,4000
246,Female,28,75,Entertainment,7,2,38000
247,Male,23,96,Doctor,1,3,0
248,Female,32,16,Artist,1,2,7000
249,Female,37,2,Artist,1,2,41000
250,Female,89,0,Engineer,0,5,65000
251,Male,80,93,Engineer,1,3,20000
252,Female,27,65,Doctor,8,1,44000
253,Female,78,14,Artist,5,4,3000
254,Female,86,13,Lawyer,7,3,72000
255,Female,46,32,Engineer,4,4,27000
256,Male,59,49,Lawyer,4,2,85000
257,Male,12,18,Executive,10,1,38000
258,Male,79,96,Homemaker,6,7,73000
259,Female,79,64,Artist,2,3,64000
260,Male,26,60,Executive,6,4,26000
261,Female,63,16,Artist,2,3,47000
262,Female,52,85,Doctor,2,6,35000
263,Female,32,24,Lawyer,2,3,31000
264,Female,64,38,Engineer,3,4,13000
265,Female,37,10,Homemaker,1,7,79000
266,Male,7,39,Entertainment,2,2,82000
267,Female,40,68,Artist,1,1,28000
268,Female,78,79,Artist,0,3,36000
269,Female,34,76,Entertainment,6,6,8000
270,Female,52,39,Artist,1,2,88000
271,Male,94,36,Entertainment,0,4,91000
272,Female,1,82,Doctor,0,3,12000
273,Female,96,76,Entertainment,0,3,1000
274,Female,18,99,Artist,0,2,143000
275,Female,37,57,Artist,1,2,18000
276,Male,78,89,Lawyer,1,2,65000
277,Male,16,88,Executive,7,4,9000
278,Male,93,21,Artist,1,1,95000
279,Female,74,12,Engineer,9,3,78000
280,Male,68,73,Healthcare,3,3,48000
281,Female,32,87,Executive,1,4,63000
282,Female,43,63,Marketing,1,2,85000
283,Female,52,58,Artist,1,3,43000
284,Female,63,20,Artist,1,2,74000
285,Female,33,11,Healthcare,0,1,67000
286,Male,86,40,Artist,0,1,59000
287,Female,85,84,Entertainment,1,1,140000
288,Female,73,47,Healthcare,1,2,31000
289,Female,21,91,Marketing,0,1,5000
290,Female,93,58,Engineer,1,3,19000
291,Male,9,62,Entertainment,7,1,27000
292,Female,10,80,Doctor,6,3,68000
293,Male,11,66,Artist,8,8,38000
294,Female,48,36,Engineer,6,4,50000
295,Female,73,73,Entertainment,2,2,80000
296,Female,66,43,Executive,9,3,69000
297,Female,79,91,Engineer,3,3,31000
298,Male,62,41,Doctor,6,2,87000
299,Male,17,16,Artist,1,3,79000
300,Male,32,86,Entertainment,5,2,32000
301,Male,85,100,Entertainment,3,3,153787
302,Male,31,16,Healthcare,5,2,95851
303,Female,31,73,Healthcare,6,3,145015
304,Female,38,7,Healthcare,5,2,148539
305,Female,90,21,Lawyer,1,2,117319
306,Female,65,26,Marketing,6,2,180243
307,Female,63,12,Artist,4,2,165052
308,Female,61,14,Doctor,0,2,120487
309,Male,26,83,Engineer,8,4,112766
310,Female,17,65,Engineer,1,4,156488
311,Male,56,15,Executive,5,6,97562
312,Female,12,30,Engineer,5,4,77501
313,Female,24,100,Lawyer,5,1,118302
314,Female,13,9,Executive,9,4,64277
315,Male,12,77,Doctor,2,3,53927
316,Male,72,93,Lawyer,9,2,93921
317,Female,54,8,Homemaker,4,4,132046
318,Male,45,91,Artist,7,2,183217
319,Male,66,44,Marketing,8,1,182937
320,Female,27,56,Healthcare,8,4,68272
321,Male,36,21,Engineer,10,2,69841
322,Male,5,60,Lawyer,13,1,69078
323,Female,89,100,Healthcare,2,4,110667
324,Male,13,94,Doctor,6,1,95469
325,Female,91,40,Artist,4,1,102861
326,Male,16,7,Artist,3,1,133551
327,Female,63,90,Engineer,7,1,64589
328,Male,52,39,Engineer,4,2,152755
329,Female,37,58,Healthcare,1,5,92313
330,Female,78,2,Artist,2,3,98922
331,Male,24,33,Engineer,0,4,165846
332,Female,4,62,Engineer,3,4,93713
333,Male,84,67,Healthcare,0,5,137641
334,Male,0,96,Artist,0,4,173743
335,Female,67,58,Entertainment,10,2,116126
336,Female,32,30,Healthcare,8,3,112246
337,Female,39,75,Healthcare,1,5,69384
338,Female,68,62,Healthcare,0,2,76529
339,Female,7,28,Doctor,14,1,123804
340,Female,76,55,Artist,8,2,68292
341,Female,84,99,Artist,3,1,173185
342,Male,75,82,Entertainment,1,4,142034
343,Male,22,61,Artist,0,1,107941
344,Female,90,61,Engineer,1,1,149840
345,Female,4,99,Healthcare,1,8,148431
346,Female,78,84,Lawyer,0,3,126599
347,Female,58,22,Healthcare,9,1,57180
348,Female,99,41,Artist,9,1,184426
349,Female,24,39,Marketing,2,5,151085
350,Female,88,98,Artist,13,4,166107
351,Female,92,91,Artist,9,4,67850
352,Male,99,4,Engineer,13,1,173394
353,Female,51,98,Lawyer,7,1,72303
354,Male,23,35,Healthcare,14,3,181760
355,Female,13,75,Doctor,9,1,146858
356,Male,22,20,Engineer,6,1,172923
357,Female,89,87,Homemaker,11,4,115811
358,Male,20,51,Marketing,13,5,184324
359,Female,72,19,Lawyer,9,3,67353
360,Male,17,71,Healthcare,9,3,165999
361,Male,90,18,Artist,8,3,164914
362,Male,99,61,Entertainment,1,2,63364
363,Female,39,73,Engineer,4,3,182352
364,Female,37,56,Entertainment,1,2,148544
365,Male,46,85,Artist,1,2,62833
366,Male,65,72,Healthcare,0,2,120627
367,Female,60,30,Artist,1,1,130898
368,Female,93,74,Executive,12,3,103130
369,Male,72,15,Healthcare,9,5,106681
370,Female,36,25,Entertainment,1,5,87353
371,Male,52,61,Artist,8,1,88046
372,Female,72,49,Entertainment,1,2,98168
373,Female,28,5,Lawyer,2,1,178265
374,Female,48,92,Doctor,6,4,167232
375,Male,85,43,Doctor,6,4,140478
376,Male,22,83,Artist,8,1,159296
377,Female,30,78,Doctor,1,1,144043
378,Male,46,64,Artist,1,2,72594
379,Female,82,77,Artist,2,2,180288
380,Female,73,51,Entertainment,0,1,165734
381,Male,8,2,Artist,5,1,175407
382,Male,90,8,Engineer,0,2,70201
383,Male,34,26,Artist,0,6,91503
384,Female,10,43,Artist,0,2,184522
385,Female,79,83,Artist,1,3,143560
386,Male,83,97,Artist,1,2,131574
387,Female,20,18,Artist,15,3,151124
388,Female,25,5,Artist,15,2,67447
389,Female,26,8,Healthcare,16,2,117454
390,Female,18,23,Doctor,13,1,86203
391,Female,7,10,Artist,7,1,136231
392,Male,1,1,Doctor,12,2,89144
393,Male,21,30,Artist,17,4,119116
394,Female,86,31,Artist,9,4,163463
395,Female,75,82,Artist,15,1,151696
396,Male,78,52,Lawyer,13,1,184736
397,Female,87,69,Homemaker,6,4,70419
398,Female,8,41,Entertainment,14,3,119104
399,Male,59,28,Executive,5,3,130950
400,Male,13,77,Artist,15,2,140950
401,Female,55,35,Engineer,16,1,82285
402,Female,50,92,Healthcare,11,7,91389
403,Male,54,95,Doctor,13,2,186359
404,Male,13,46,Doctor,14,3,178989
405,Male,79,45,Engineer,5,5,166335
406,Female,65,11,Artist,17,6,119889
407,Female,51,73,Executive,15,3,66852
408,Male,18,36,Executive,16,4,103896
409,Male,21,87,Healthcare,2,3,187761
410,Male,37,93,Healthcare,7,4,102717
411,Male,83,83,Entertainment,0,2,102647
412,Female,96,31,Lawyer,0,4,113585
413,Female,65,88,Artist,0,4,86509
414,Male,80,44,Marketing,1,7,59099
415,Female,75,5,Lawyer,1,5,135088
416,Female,87,78,Engineer,1,4,110870
417,Female,86,12,Artist,0,1,187667
418,Female,36,25,Artist,8,5,124614
419,Female,78,40,Homemaker,9,7,166492
420,Female,62,69,Entertainment,1,2,172758
421,Male,89,19,Healthcare,1,1,122430
422,Female,56,96,Entertainment,0,6,183540
423,Female,35,34,Artist,5,4,96484
424,Male,33,71,Artist,1,4,112587
425,Female,58,71,Entertainment,7,7,155672
426,Female,68,93,Artist,1,2,72847
427,Male,38,32,Entertainment,2,3,71897
428,Male,31,57,Doctor,1,5,158479
429,Male,90,4,Entertainment,1,1,89251
430,Male,28,24,Engineer,1,1,179911
431,Male,1,85,Healthcare,7,4,111558
432,Male,78,78,Executive,10,7,127615
433,Female,23,32,Artist,3,5,50076
434,Female,25,62,Artist,4,1,77779
435,Male,59,38,Engineer,5,5,169999
436,Female,7,76,Doctor,1,7,106581
437,Female,24,41,Lawyer,0,1,78223
438,Male,76,14,,0,7,136259
439,Male,37,93,Entertainment,1,6,153399
440,Female,6,91,Artist,0,1,162858
441,Female,0,29,,0,7,57373
442,Male,3,47,Artist,1,1,133602
443,Female,95,88,Artist,0,3,66322
444,Female,0,16,Lawyer,1,4,68761
445,Male,7,86,Artist,13,3,70749
446,Male,54,87,Artist,7,6,65874
447,Male,89,24,Engineer,15,1,115996
448,Female,58,91,Engineer,6,1,67097
449,Female,12,64,Artist,13,5,108027
450,Male,7,80,Healthcare,8,2,176349
451,Male,11,40,Healthcare,8,6,88452
452,Male,74,55,Engineer,7,4,128266
453,Female,64,20,Healthcare,7,2,156777
454,Female,48,50,Lawyer,10,7,123234
455,Female,8,38,Artist,1,5,60790
456,Female,15,99,Artist,14,6,181332
457,Male,1,7,Artist,0,1,187297
458,Female,21,86,Artist,6,6,153885
459,Male,84,44,Marketing,3,4,53500
460,Female,5,28,Doctor,4,6,69443
461,Female,47,56,Lawyer,0,7,124072
462,Female,96,29,Healthcare,0,7,135800
463,Male,93,96,Artist,2,4,120597
464,Female,16,11,Entertainment,1,4,91358
465,Male,56,41,Marketing,0,5,53231
466,Female,76,31,Engineer,1,2,156330
467,Male,0,80,Doctor,15,2,186002
468,Female,70,53,Executive,12,5,111760
469,Female,47,12,Artist,4,3,143906
470,Male,13,22,Healthcare,11,4,182410
471,Male,86,46,Homemaker,10,5,98463
472,Male,91,28,Artist,15,7,93762
473,Male,97,50,Healthcare,8,2,104582
474,Male,20,92,Artist,17,5,130813
475,Female,11,92,Healthcare,5,4,59202
476,Female,28,45,Lawyer,9,2,79968
477,Male,32,42,Artist,0,7,104824
478,Male,82,30,Lawyer,0,6,188719
479,Male,39,66,Healthcare,3,6,187536
480,Male,7,85,Entertainment,2,1,134008
481,Female,13,71,Artist,6,3,176397
482,Female,34,43,Healthcare,9,6,154888
483,Male,76,81,Healthcare,0,2,155622
484,Female,30,60,Healthcare,1,1,62330
485,Female,69,34,Healthcare,1,7,112838
486,Male,22,59,Homemaker,2,4,58283
487,Female,60,81,Artist,1,6,77857
488,Male,66,25,Artist,0,1,125024
489,Female,57,34,Artist,9,1,136242
490,Female,60,81,Healthcare,1,4,81934
491,Female,59,97,Artist,3,4,130511
492,Female,54,88,Lawyer,3,1,144502
493,Male,90,6,Artist,4,2,63769
494,Female,14,20,Artist,0,4,66760
495,Female,34,54,Entertainment,1,7,135115
496,Female,85,17,Healthcare,12,4,179877
497,Female,83,65,Doctor,1,1,93351
498,Male,12,96,Homemaker,3,3,84547
499,Male,95,3,,12,3,121725
500,Male,41,91,Artist,6,7,65723
501,Female,38,96,Healthcare,6,3,96794
502,Male,68,61,Healthcare,8,5,72352
503,Female,4,21,Healthcare,0,7,53097
504,Female,5,17,Artist,1,3,144831
505,Female,3,10,Doctor,1,2,183851
506,Female,20,90,Executive,1,3,111896
507,Female,3,30,Executive,1,1,64824
508,Male,36,16,Healthcare,1,5,88565
509,Female,70,63,Artist,1,1,104974
510,Female,17,47,Artist,1,5,167060
511,Female,31,17,Artist,6,1,69018
512,Female,48,96,Entertainment,0,1,174109
513,Male,28,29,Marketing,0,1,62186
514,Male,97,70,Healthcare,9,3,183783
515,Male,81,1,Artist,1,2,83771
516,Female,37,91,Artist,0,2,148196
517,Male,85,87,Entertainment,1,1,131742
518,Female,78,94,Homemaker,14,7,59971
519,Female,13,2,Entertainment,13,3,88960
520,Female,53,38,Healthcare,1,5,140107
521,Female,41,49,Entertainment,1,3,161896
522,Female,9,60,Engineer,1,1,57272
523,Male,20,2,Healthcare,8,2,119952
524,Female,98,63,Doctor,1,5,167197
525,Female,44,2,Healthcare,8,6,186116
526,Female,66,59,Healthcare,15,5,134677
527,Female,58,74,Healthcare,0,3,180479
528,Male,97,21,Artist,9,6,112783
529,Male,13,17,Doctor,0,3,150258
530,Male,48,92,Artist,2,2,115832
531,Female,47,44,Artist,0,7,104834
532,Male,93,66,Doctor,14,5,152571
533,Female,11,45,Engineer,3,2,162287
534,Female,68,59,Doctor,1,6,171761
535,Female,87,73,Artist,0,1,77709
536,Female,22,17,Entertainment,1,2,95053
537,Male,89,33,Doctor,1,2,74820
538,Male,57,92,Engineer,9,5,152267
539,Male,91,14,Artist,4,2,71925
540,Female,84,95,Artist,1,7,151340
541,Male,56,51,Executive,0,4,162921
542,Female,26,30,Executive,1,2,52234
543,Female,56,87,Artist,1,5,100271
544,Female,6,23,Artist,3,2,170266
545,Female,33,1,Entertainment,1,1,88763
546,Female,89,26,,10,6,107359
547,Male,99,83,Engineer,0,2,164781
548,Female,25,85,Artist,2,1,156016
549,Female,96,40,Entertainment,1,7,186882
550,Female,35,88,Homemaker,5,2,99300
551,Male,16,65,Marketing,0,3,58127
552,Female,81,12,Doctor,1,7,89211
553,Female,7,59,Homemaker,1,7,148607
554,Female,31,62,Marketing,1,1,139592
555,Female,16,62,Healthcare,1,3,172051
556,Male,89,99,Artist,0,4,57033
557,Male,84,63,Engineer,0,6,117612
558,Male,40,96,Artist,0,7,185321
559,Female,17,5,Healthcare,8,5,186577
560,Male,0,89,Artist,0,6,151298
561,Female,69,52,Artist,1,7,123925
562,Female,17,12,Lawyer,11,6,169496
563,Female,0,25,Entertainment,8,1,142892
564,Female,34,3,Entertainment,9,5,58979
565,Female,51,100,Healthcare,15,1,141416
566,Male,54,67,Healthcare,1,7,104854
567,Female,19,14,Artist,17,5,180331
568,Female,99,13,Engineer,0,3,172896
569,Female,2,82,Healthcare,4,3,101451
570,Female,91,37,Engineer,8,1,189974
571,Male,65,65,Artist,1,6,90084
572,Female,47,24,Executive,4,5,112247
573,Female,91,61,Artist,4,5,181775
574,Female,64,31,Artist,1,3,59088
575,Female,91,23,Artist,1,6,60856
576,Male,32,34,Artist,6,3,149900
577,Male,15,98,Engineer,8,5,142776
578,Male,22,84,Artist,8,3,162598
579,Female,37,89,Healthcare,4,4,146195
580,Male,83,53,Lawyer,4,5,135268
581,Female,89,1,Marketing,5,1,136037
582,Female,33,67,Artist,9,4,111191
583,Female,13,62,Entertainment,12,5,144111
584,Female,71,56,Doctor,6,2,177359
585,Female,10,85,Marketing,15,7,112818
586,Male,49,98,Artist,5,4,53509
587,Female,9,75,Executive,10,2,168269
588,Female,53,2,Lawyer,16,3,86766
589,Female,63,25,Healthcare,12,5,52661
590,Female,46,14,Healthcare,11,5,148520
591,Male,42,52,Artist,15,3,149936
592,Female,73,31,Entertainment,7,5,102296
593,Male,75,16,Executive,10,7,178416
594,Female,49,41,Doctor,15,1,83788
595,Female,96,77,Engineer,8,5,184771
596,Female,52,88,Executive,14,3,70302
597,Female,15,51,Entertainment,5,7,58639
598,Male,91,40,Entertainment,15,7,97879
599,Male,22,29,Entertainment,7,3,64707
600,Male,62,87,Healthcare,8,1,71795
601,Male,41,85,Doctor,16,1,76567
602,Male,61,20,,11,4,126370
603,Female,71,32,Artist,7,7,154007
604,Female,91,78,Lawyer,17,6,69720
605,Female,94,68,Executive,7,6,85265
606,Female,3,31,Healthcare,13,3,155864
607,Female,15,72,Artist,8,7,99421
608,Female,96,57,Executive,2,1,145457
609,Male,12,77,Artist,9,2,118041
610,Female,23,83,Doctor,0,7,73759
611,Male,94,17,Artist,5,7,90082
612,Female,7,12,Artist,0,6,74928
613,Female,74,36,Lawyer,0,5,101352
614,Female,52,81,Healthcare,9,2,93947
615,Male,39,23,Engineer,1,6,134629
616,Male,72,70,Healthcare,8,6,101858
617,Female,55,47,Artist,10,4,165501
618,Male,29,74,Lawyer,5,1,135931
619,Male,38,20,Marketing,1,6,103356
620,Female,44,79,Artist,1,3,75195
621,Male,58,44,Entertainment,6,5,123083
622,Male,77,30,Healthcare,1,2,73884
623,Female,56,61,Entertainment,1,7,91180
624,Male,79,52,Artist,0,2,86235
625,Female,97,4,Doctor,1,7,96400
626,Male,78,12,Healthcare,1,6,83599
627,Female,91,50,Healthcare,0,1,82535
628,Male,35,8,Lawyer,0,5,92227
629,Female,43,27,Artist,13,4,150444
630,Female,37,83,Lawyer,1,2,149095
631,Male,63,42,Artist,3,3,113605
632,Female,16,82,Healthcare,0,7,93854
633,Male,32,92,Artist,0,5,118280
634,Male,91,90,Artist,0,1,94576
635,Female,33,70,Executive,6,3,129257
636,Female,57,10,Healthcare,2,6,70373
637,Female,43,66,Healthcare,0,1,77600
638,Female,26,97,Entertainment,0,5,113707
639,Female,59,8,Doctor,0,7,189672
640,Female,61,58,Artist,0,5,143180
641,Female,59,14,Marketing,3,4,174890
642,Male,66,19,,7,7,121377
643,Male,26,13,Healthcare,0,7,154857
644,Female,67,51,Healthcare,0,5,160945
645,Female,85,35,Artist,0,2,119557
646,Female,76,33,Doctor,0,7,187141
647,Female,57,22,Artist,0,1,97468
648,Female,77,77,Lawyer,8,5,160351
649,Female,66,94,Healthcare,1,2,178627
650,Female,49,80,Lawyer,1,6,170188
651,Female,36,40,Doctor,1,4,166007
652,Male,74,83,Entertainment,0,7,91794
653,Female,16,86,Artist,6,3,189072
654,Male,27,15,Executive,1,6,152717
655,Female,3,98,Executive,0,3,158549
656,Male,31,94,Marketing,1,3,134263
657,Female,30,28,Executive,1,1,148236
658,Male,94,81,Artist,0,6,171677
659,Female,31,38,Artist,1,6,189446
660,Male,49,53,Artist,0,3,106633
661,Male,49,48,Executive,6,5,81084
662,Male,53,52,Doctor,7,7,148759
663,Female,3,95,Healthcare,2,7,117638
664,Female,91,37,Doctor,4,1,159537
665,Male,26,6,Marketing,9,7,79526
666,Male,28,64,,8,1,101414
667,Female,92,72,Entertainment,1,4,109519
668,Female,59,70,Artist,0,7,156880
669,Male,15,58,Artist,0,6,157278
670,Female,23,84,Engineer,1,7,144916
671,Male,54,100,Marketing,3,3,59163
672,Female,93,49,Artist,1,3,93991
673,Female,65,45,Doctor,1,1,58318
674,Female,13,88,Lawyer,1,5,180786
675,Male,71,45,Doctor,0,6,84622
676,Male,1,59,Artist,8,4,92674
677,Female,57,94,Artist,1,1,87553
678,Male,14,79,Entertainment,1,2,74174
679,Female,77,33,Healthcare,1,2,180831
680,Female,89,33,Doctor,1,7,137397
681,Male,17,100,Artist,1,4,96154
682,Male,86,69,Entertainment,1,3,172477
683,Male,42,37,Executive,4,4,59954
684,Female,29,95,Entertainment,0,4,112240
685,Female,54,35,Artist,0,2,145679
686,Male,96,49,Artist,12,5,136265
687,Female,58,12,Healthcare,0,3,74869
688,Female,52,46,Engineer,0,1,109425
689,Female,3,57,Healthcare,0,1,126015
690,Female,13,66,Healthcare,4,7,156951
691,Female,3,68,Healthcare,1,2,127172
692,Male,89,22,Doctor,0,3,113834
693,Male,83,2,Entertainment,0,5,132005
694,Female,80,78,Lawyer,10,4,171323
695,Female,74,87,Entertainment,1,4,92355
696,Male,42,3,Healthcare,0,5,60982
697,Female,91,33,Artist,8,3,51742
698,Female,31,71,Executive,9,2,138612
699,Male,8,84,Artist,1,1,158123
700,Male,64,65,Executive,0,5,164675
701,Female,41,27,Healthcare,8,7,172882
702,Female,62,93,Artist,0,1,70119
703,Male,41,26,Healthcare,7,7,113998
704,Male,22,40,,5,7,114011
705,Male,5,89,Entertainment,7,7,57265
706,Female,38,2,Artist,6,1,130597
707,Female,88,7,Engineer,0,5,121597
708,Male,56,100,Artist,6,6,103210
709,Male,47,8,Executive,0,4,66308
710,Male,4,93,Homemaker,2,1,141336
711,Male,82,76,Entertainment,9,7,153632
712,Female,31,71,Lawyer,1,2,65520
713,Female,69,83,Healthcare,1,6,153217
714,Male,62,75,Doctor,1,1,92768
715,Female,54,10,Artist,0,2,132345
716,Female,60,49,Marketing,1,2,186069
717,Female,31,32,Artist,1,7,53802
718,Female,17,62,Healthcare,6,4,103739
719,Female,15,34,Healthcare,9,7,50550
720,Female,37,21,Healthcare,7,6,145648
721,Male,36,37,Executive,0,3,85737
722,Female,27,20,Entertainment,0,4,99950
723,Female,11,21,Engineer,7,4,83220
724,Male,83,50,Entertainment,8,5,73410
725,Female,71,43,Marketing,2,1,64310
726,Female,20,79,Doctor,0,1,59844
727,Male,3,1,Executive,1,6,67787
728,Male,52,4,Engineer,0,1,172841
729,Male,75,61,Healthcare,1,2,145528
730,Male,36,42,Artist,0,2,173807
731,Male,60,69,Entertainment,7,1,185794
732,Male,8,71,Healthcare,1,3,119780
733,Female,9,86,Artist,1,2,158596
734,Female,41,52,Entertainment,0,6,118122
735,Male,38,11,Healthcare,7,4,99964
736,Female,69,27,Executive,1,6,120752
737,Female,33,53,Executive,5,5,189630
738,Male,64,6,Healthcare,3,3,125510
739,Male,19,49,Engineer,1,1,101799
740,Female,88,74,Artist,0,3,92914
741,Female,91,59,Engineer,9,3,162465
742,Male,84,27,Engineer,2,1,163818
743,Female,43,56,Entertainment,4,1,53832
744,Female,30,49,Engineer,1,4,140190
745,Male,16,69,Healthcare,1,4,125836
746,Male,89,27,Entertainment,0,7,100938
747,Male,5,37,Artist,1,3,168670
748,Female,54,10,Entertainment,0,3,176885
749,Female,41,28,Artist,4,5,111174
750,Male,80,97,Artist,6,6,127335
751,Male,37,3,Healthcare,10,1,149103
752,Male,87,31,Healthcare,0,7,167705
753,Female,50,85,Entertainment,1,4,183548
754,Female,14,46,Lawyer,0,6,50396
755,Female,17,3,Marketing,1,1,63557
756,Female,98,55,Artist,1,6,87878
757,Male,3,53,Engineer,8,3,55634
758,Female,83,26,Engineer,1,5,118110
759,Male,13,36,Artist,6,6,129396
760,Female,46,64,Entertainment,8,6,62628
761,Female,25,17,Healthcare,4,6,51700
762,Female,4,49,Artist,7,5,106816
763,Male,64,67,Lawyer,0,2,93000
764,Female,84,71,Doctor,1,4,144148
765,Male,12,90,Artist,0,2,101388
766,Female,56,78,Engineer,0,2,171560
767,Male,58,60,Entertainment,8,1,156366
768,Female,0,22,Marketing,1,7,143910
769,Female,25,84,Engineer,1,3,106569
770,Male,28,25,Healthcare,9,6,173009
771,Male,78,29,Engineer,0,5,54252
772,Male,56,57,Entertainment,6,3,104600
773,Male,91,54,Artist,0,2,50250
774,Male,77,84,Entertainment,0,7,93242
775,Female,83,38,Artist,3,7,156839
776,Female,64,39,Artist,9,2,71305
777,Male,19,73,Entertainment,0,6,85975
778,Male,94,52,Engineer,10,2,188107
779,Male,19,35,Marketing,1,2,82333
780,Male,84,25,Entertainment,1,7,125016
781,Female,10,10,Healthcare,2,3,148908
782,Female,19,70,Artist,0,1,58217
783,Male,74,29,Engineer,7,4,76521
784,Female,95,42,Artist,1,2,117763
785,Female,34,93,Homemaker,1,4,115184
786,Male,30,7,Artist,2,6,54251
787,Female,53,24,Entertainment,2,6,112530
788,Male,67,2,Artist,1,6,107409
789,Female,23,23,Homemaker,9,6,84793
790,Female,25,79,Entertainment,1,2,66952
791,Female,84,11,Lawyer,1,4,153465
792,Female,1,17,Artist,1,7,178214
793,Male,70,42,Entertainment,4,4,152069
794,Female,56,17,Healthcare,7,2,132860
795,Female,0,86,Lawyer,1,7,147719
796,Female,91,29,Doctor,9,1,172915
797,Female,81,29,Entertainment,3,5,148594
798,Male,33,77,Executive,0,1,61986
799,Male,75,13,Artist,1,4,91456
800,Male,11,84,Executive,1,2,166247
801,Female,61,50,Artist,0,3,140516
802,Male,81,36,,5,7,148208
803,Female,62,78,Marketing,0,4,133822
804,Female,44,32,Artist,4,5,175424
805,Female,67,92,Healthcare,8,4,121528
806,Female,30,69,Healthcare,0,3,189369
807,Female,92,26,Artist,1,1,80808
808,Male,25,84,Entertainment,1,7,57535
809,Female,61,51,Healthcare,0,4,163509
810,Female,72,57,Executive,0,7,75884
811,Female,89,52,Artist,1,6,157759
812,Female,37,44,Executive,0,2,184813
813,Male,59,51,Executive,8,7,187253
814,Male,41,36,Entertainment,1,3,81718
815,Male,60,37,Doctor,1,2,150019
816,Female,81,73,Entertainment,1,6,53452
817,Male,85,42,Homemaker,8,2,150765
818,Female,91,71,,0,7,154456
819,Female,65,12,Doctor,6,4,56647
820,Female,19,48,Healthcare,6,7,117477
821,Female,78,9,Artist,10,7,79677
822,Female,0,28,Marketing,7,3,116759
823,Male,26,21,Entertainment,6,1,180702
824,Female,2,100,Entertainment,8,1,122698
825,Female,60,55,Healthcare,7,2,169346
826,Female,67,25,Artist,4,1,93176
827,Female,4,40,Homemaker,4,5,75853
828,Male,7,58,Engineer,8,1,119362
829,Male,28,36,Artist,4,7,81545
830,Male,67,75,Artist,0,7,67372
831,Female,30,61,Executive,1,1,109703
832,Male,38,39,Marketing,13,4,166697
833,Female,40,34,Engineer,1,7,124982
834,Female,6,83,Lawyer,1,7,146776
835,Female,3,45,Executive,4,5,147548
836,Female,51,60,Healthcare,7,6,117620
837,Male,63,57,Healthcare,0,2,85351
838,Male,65,8,Artist,0,7,174432
839,Male,44,68,Doctor,1,3,70787
840,Female,90,63,Healthcare,0,7,75473
841,Male,76,49,Healthcare,1,6,90082
842,Female,62,54,Healthcare,0,2,185388
843,Female,5,69,Doctor,14,6,168110
844,Female,67,38,Artist,12,2,184628
845,Female,38,45,Healthcare,8,1,176551
846,Female,31,21,Healthcare,9,7,76422
847,Male,2,51,Entertainment,9,3,164248
848,Female,82,38,Lawyer,5,7,109188
849,Female,66,26,Healthcare,4,1,132951
850,Female,75,32,Healthcare,8,1,164598
851,Male,69,32,,7,2,186655
852,Female,62,86,Healthcare,6,1,111859
853,Female,0,41,Lawyer,7,1,121926
854,Female,11,42,Executive,1,3,143047
855,Female,22,23,Artist,1,3,131748
856,Male,76,23,Lawyer,0,1,142801
857,Male,85,46,Engineer,0,6,142723
858,Male,21,16,Marketing,14,3,155151
859,Female,64,48,Healthcare,1,4,153607
860,Male,94,34,Healthcare,0,3,144192
861,Female,83,22,Lawyer,4,4,174159
862,Female,93,50,Marketing,0,3,73642
863,Female,12,46,Artist,8,7,170319
864,Female,0,10,Engineer,0,2,141351
865,Female,79,9,Marketing,12,5,167411
866,Male,90,49,Artist,5,6,58289
867,Female,45,77,Doctor,0,2,79801
868,Female,82,52,Marketing,8,7,146118
869,Female,57,14,Healthcare,1,4,57337
870,Female,43,6,Entertainment,1,2,113575
871,Male,63,65,Engineer,6,2,122658
872,Female,62,13,Artist,0,6,151836
873,Female,43,80,Homemaker,9,4,185900
874,Female,34,98,Healthcare,1,4,94029
875,Female,30,22,Artist,2,2,157290
876,Male,97,42,Entertainment,10,4,175996
877,Male,68,37,Artist,0,4,102016
878,Male,16,67,Artist,1,2,77902
879,Female,15,86,Healthcare,9,7,81138
880,Male,25,48,Executive,0,2,128258
881,Female,29,24,Artist,6,4,62475
882,Female,85,75,Artist,6,4,82854
883,Female,30,38,Doctor,7,7,59284
884,Female,13,92,Healthcare,0,4,141580
885,Female,88,90,Executive,6,4,171362
886,Male,5,65,Artist,9,2,78274
887,Female,95,61,Artist,0,1,76646
888,Female,92,66,Executive,5,2,78308
889,Female,63,89,Engineer,1,2,78971
890,Female,75,73,Marketing,1,5,65528
891,Male,67,71,Artist,5,7,94199
892,Female,58,48,Engineer,8,7,135705
893,Male,52,31,Entertainment,8,3,130573
894,Female,85,68,Artist,1,5,152303
895,Female,31,89,Doctor,1,1,144582
896,Female,84,60,Artist,10,6,93288
897,Female,93,3,Marketing,10,2,88192
898,Male,18,81,Lawyer,7,3,62362
899,Male,73,39,Lawyer,10,1,74350
900,Male,3,42,Healthcare,8,7,144103
901,Male,1,17,Lawyer,7,3,75518
902,Male,53,62,Doctor,4,2,160980
903,Female,75,28,Artist,7,6,102904
904,Female,15,37,,9,7,174501
905,Female,47,57,Healthcare,6,6,157661
906,Female,66,8,Healthcare,10,3,118385
907,Female,17,100,Artist,8,4,116463
908,Female,1,14,Artist,9,6,161212
909,Male,16,50,Marketing,4,6,172601
910,Female,52,94,Homemaker,8,7,167214
911,Male,21,19,Artist,5,1,69644
912,Female,19,46,Homemaker,7,2,120215
913,Female,29,23,Engineer,7,6,180401
914,Female,40,93,Artist,5,7,113739
915,Male,76,41,Healthcare,1,2,111717
916,Male,91,20,Engineer,0,4,62808
917,Female,24,13,Artist,1,3,67582
918,Male,4,60,Artist,9,1,96543
919,Male,90,69,Artist,0,2,89667
920,Female,56,65,Engineer,0,1,98980
921,Male,14,17,Lawyer,1,3,124998
922,Male,52,12,Artist,0,6,189091
923,Female,14,3,Artist,1,3,153842
924,Male,30,16,Artist,0,7,106314
925,Female,70,60,Artist,8,5,62901
926,Male,14,78,Healthcare,4,6,149618
927,Female,95,97,Healthcare,0,6,72068
928,Male,25,87,,0,3,81367
929,Female,95,10,Entertainment,1,3,118575
930,Female,12,97,Executive,1,3,82382
931,Male,82,55,Entertainment,10,3,114776
932,Female,2,81,Artist,1,6,145597
933,Male,51,86,Engineer,1,1,162072
934,Male,63,11,Healthcare,0,7,172872
935,Female,30,6,Artist,1,3,182162
936,Female,68,81,Artist,5,7,71467
937,Female,21,1,Healthcare,0,6,85568
938,Female,99,72,Entertainment,6,3,56851
939,Female,0,73,Artist,9,5,116782
940,Female,80,1,Entertainment,4,4,67781
941,Female,51,29,Healthcare,0,2,70152
942,Male,18,82,Artist,3,6,185861
943,Male,43,17,Artist,3,3,162595
944,Female,29,54,Lawyer,10,6,80098
945,Female,20,8,Lawyer,1,1,184801
946,Female,39,37,Artist,6,6,58908
947,Female,9,69,Marketing,9,5,146011
948,Female,45,39,Artist,9,4,135174
949,Female,65,64,Artist,0,1,114244
950,Female,64,52,Healthcare,0,4,157207
951,Female,81,23,Entertainment,5,4,128834
952,Male,54,24,Entertainment,0,7,51166
953,Female,32,36,Artist,0,4,130118
954,Male,29,71,Doctor,11,4,87014
955,Female,25,93,Artist,0,2,111379
956,Male,5,82,Entertainment,1,1,83704
957,Female,55,49,Healthcare,8,2,90558
958,Male,12,14,Healthcare,6,3,187343
959,Female,81,48,Entertainment,9,6,111174
960,Male,87,63,Engineer,4,4,64461
961,Male,12,97,Artist,7,3,109618
962,Male,91,4,Lawyer,7,1,189357
963,Female,63,79,Artist,6,1,120955
964,Female,97,54,Homemaker,8,7,168898
965,Male,89,52,Healthcare,6,3,130431
966,Male,59,56,Engineer,9,1,161091
967,Female,26,2,Homemaker,5,4,69988
968,Female,5,98,Doctor,5,1,169702
969,Male,32,49,Healthcare,1,7,186897
970,Female,98,41,Engineer,6,1,109061
971,Male,31,30,Artist,3,6,188620
972,Female,59,57,Artist,4,5,108675
973,Female,80,34,Entertainment,0,2,177601
974,Female,12,3,Marketing,1,2,87365
975,Male,80,23,Engineer,0,2,95929
976,Male,59,87,Entertainment,0,5,97185
977,Female,56,17,Artist,1,2,103838
978,Male,18,11,Doctor,1,3,129260
979,Female,66,19,Artist,1,4,151184
980,Female,67,62,Engineer,2,3,177512
981,Male,39,51,Lawyer,0,7,140099
982,Male,23,97,Healthcare,7,6,67535
983,Male,47,61,Executive,1,6,133236
984,Female,41,5,Homemaker,9,7,87975
985,Female,40,23,Healthcare,0,5,164350
986,Male,36,53,Artist,8,3,55109
987,Female,12,40,Entertainment,1,2,67613
988,Female,60,47,Entertainment,0,2,185306
989,Female,24,84,Executive,3,5,154787
990,Female,17,96,Artist,9,3,109759
991,Female,92,51,Executive,1,3,114571
992,Male,32,93,Artist,1,2,130697
993,Male,39,24,Doctor,13,6,115916
994,Female,50,53,Artist,9,2,69814
995,Female,85,74,Engineer,0,4,118161
996,Male,65,65,Healthcare,2,3,56583
997,Female,17,36,Artist,4,3,185843
998,Female,31,22,Entertainment,10,4,171825
999,Male,24,95,Artist,11,3,77976
1000,Male,97,75,Entertainment,0,1,66312
1001,Female,92,11,Entertainment,0,4,81839
1002,Female,80,5,Artist,5,6,55712
1003,Male,33,45,Healthcare,2,5,158335
1004,Male,8,45,Lawyer,1,6,74253
1005,Male,67,3,Healthcare,4,4,119625
1006,Female,8,6,Artist,0,2,129743
1007,Female,61,60,Lawyer,0,6,101007
1008,Male,83,49,Artist,9,7,87529
1009,Male,8,98,Healthcare,8,6,151648
1010,Male,69,67,,0,5,61637
1011,Male,14,59,Entertainment,1,6,164659
1012,Female,80,62,Executive,0,4,125623
1013,Female,85,22,Artist,8,4,104054
1014,Male,88,56,Artist,1,5,83535
1015,Female,76,13,Executive,7,3,166245
1016,Female,32,60,Entertainment,4,4,100890
1017,Female,99,83,Entertainment,1,7,55972
1018,Female,85,39,Artist,2,5,134282
1019,Female,25,22,Lawyer,1,7,106669
1020,Female,99,94,Executive,1,5,145777
1021,Male,41,91,Healthcare,1,5,119259
1022,Female,1,59,Artist,2,2,150174
1023,Female,45,51,Healthcare,1,3,55472
1024,Male,55,82,Healthcare,0,5,99423
1025,Female,20,25,Marketing,0,3,146221
1026,Female,33,31,Artist,1,2,84238
1027,Male,92,75,Entertainment,1,5,57032
1028,Male,93,52,Engineer,0,4,88811
1029,Male,60,38,Artist,5,2,167420
1030,Male,38,17,Doctor,3,2,101846
1031,Male,15,87,Artist,2,5,114061
1032,Male,74,16,Artist,1,5,147449
1033,Female,47,76,Executive,0,1,83043
1034,Female,96,81,Doctor,9,5,168990
1035,Male,97,65,Healthcare,4,5,73867
1036,Female,35,51,Healthcare,1,4,165772
1037,Female,19,38,Marketing,0,3,178217
1038,Male,60,98,Engineer,1,6,162612
1039,Male,37,53,Entertainment,11,3,99872
1040,Female,49,77,Artist,1,7,142566
1041,Female,1,80,Entertainment,8,5,111424
1042,Male,43,38,Artist,1,4,187841
1043,Female,46,50,Artist,1,6,171921
1044,Female,65,87,Artist,6,3,115299
1045,Male,75,27,Healthcare,6,7,94129
1046,Male,40,39,Entertainment,5,6,172378
1047,Male,28,31,Engineer,1,4,146597
1048,Female,78,44,Doctor,0,3,64057
1049,Female,22,49,Artist,9,5,163585
1050,Male,6,83,Entertainment,1,3,93186
1051,Male,46,1,Entertainment,0,6,149764
1052,Male,17,84,Doctor,1,3,116822
1053,Female,46,37,Entertainment,1,2,109346
1054,Female,72,99,Artist,7,4,111587
1055,Female,38,66,Artist,8,6,166644
1056,Female,50,56,Artist,1,1,181270
1057,Male,47,81,Healthcare,1,2,65207
1058,Female,72,21,Homemaker,8,4,112146
1059,Male,8,57,Doctor,1,6,104953
1060,Female,34,24,Artist,0,4,139009
1061,Female,53,82,Healthcare,0,6,67916
1062,Female,82,88,Executive,0,1,99983
1063,Male,63,40,Artist,9,6,131122
1064,Female,58,37,Doctor,9,4,173190
1065,Male,23,21,Marketing,1,1,122712
1066,Female,80,30,Artist,1,6,55792
1067,Male,45,45,Doctor,1,4,73892
1068,Female,30,46,,1,4,78821
1069,Female,84,12,Artist,0,7,152475
1070,Male,45,87,Artist,4,4,152226
1071,Male,85,18,Entertainment,1,3,117679
1072,Male,23,87,Artist,1,4,146473
1073,Male,79,75,Healthcare,1,7,66051
1074,Male,47,72,Entertainment,1,5,162332
1075,Female,93,71,Doctor,0,3,166018
1076,Female,95,81,Entertainment,2,5,67398
1077,Male,44,70,Entertainment,1,6,73760
1078,Male,95,66,Entertainment,0,1,167578
1079,Male,28,45,Engineer,8,4,130267
1080,Male,91,95,Engineer,0,5,94846
1081,Female,81,1,Engineer,9,5,155396
1082,Female,90,16,Artist,8,7,138013
1083,Male,79,77,Entertainment,0,4,148286
1084,Female,6,28,Artist,1,1,101031
1085,Female,38,24,Lawyer,1,1,52884
1086,Male,87,15,Healthcare,8,1,153230
1087,Female,93,13,Engineer,1,7,63261
1088,Male,44,84,Engineer,0,3,90167
1089,Female,10,78,,0,3,162076
1090,Female,84,27,Artist,0,3,53622
1091,Female,7,94,Executive,3,4,172913
1092,Female,41,86,Artist,0,6,94316
1093,Male,87,3,,7,5,141383
1094,Female,33,55,Artist,0,2,67874
1095,Female,34,62,Healthcare,1,2,176554
1096,Female,53,56,Healthcare,10,2,135341
1097,Female,47,57,Healthcare,0,3,129019
1098,Male,53,3,Doctor,1,6,107879
1099,Male,92,4,Artist,1,1,79531
1100,Male,89,59,Artist,12,7,63379
1101,Female,27,54,Entertainment,0,4,156258
1102,Male,70,41,Entertainment,9,3,67874
1103,Female,86,57,Engineer,5,6,159964
1104,Female,99,50,Entertainment,1,2,103706
1105,Female,96,84,Entertainment,2,7,64713
1106,Female,65,55,Artist,1,5,90414
1107,Female,82,34,Executive,0,5,171100
1108,Male,36,85,Engineer,6,7,187305
1109,Female,30,46,Lawyer,0,6,139758
1110,Female,96,56,Healthcare,0,5,91226
1111,Female,69,30,Engineer,9,7,143928
1112,Female,34,14,Healthcare,0,6,92366
1113,Male,74,25,Artist,4,1,175041
1114,Male,97,93,Lawyer,1,5,147301
1115,Male,56,49,Engineer,0,7,119296
1116,Female,30,44,Artist,0,1,126306
1117,Male,13,49,Executive,1,3,100647
1118,Female,95,16,Engineer,11,5,168663
1119,Female,2,42,Executive,1,7,105391
1120,Female,78,43,Executive,9,4,175179
1121,Female,54,12,Entertainment,1,2,165019
1122,Female,85,26,Healthcare,7,4,68212
1123,Male,13,71,Artist,1,2,64572
1124,Female,85,99,Artist,8,2,92591
1125,Female,41,97,Artist,1,4,69730
1126,Female,25,57,Marketing,2,4,156793
1127,Female,74,41,Artist,5,1,56848
1128,Male,8,55,Healthcare,0,6,148450
1129,Male,62,32,Artist,10,6,150619
1130,Male,52,10,Artist,1,6,100261
1131,Female,36,56,Healthcare,5,2,109895
1132,Male,11,24,Lawyer,0,3,152684
1133,Female,84,83,Artist,1,3,133765
1134,Female,99,99,Lawyer,0,5,57677
1135,Female,51,27,Artist,0,6,112358
1136,Female,57,52,Artist,1,7,73845
1137,Male,92,42,Healthcare,6,2,89531
1138,Male,29,100,Entertainment,7,3,118092
1139,Male,62,49,Entertainment,1,4,144242
1140,Female,43,90,Entertainment,0,4,140876
1141,Male,72,26,Marketing,0,1,76888
1142,Female,28,88,Artist,6,3,116644
1143,Female,57,3,Executive,5,4,143021
1144,Female,86,91,Lawyer,9,6,145679
1145,Female,26,7,Lawyer,1,6,64398
1146,Female,13,40,Marketing,9,3,104512
1147,Male,1,68,Artist,1,5,71564
1148,Female,89,64,Homemaker,2,3,122707
1149,Female,91,96,Healthcare,0,5,51733
1150,Female,67,63,Marketing,1,7,138087
1151,Male,63,51,Lawyer,0,4,147278
1152,Female,90,62,Healthcare,0,6,187339
1153,Female,87,97,Executive,1,6,129972
1154,Female,89,55,Healthcare,1,2,151176
1155,Female,34,60,Artist,0,6,74358
1156,Male,89,82,Healthcare,0,3,83953
1157,Male,31,24,Engineer,1,6,62925
1158,Male,55,93,Doctor,2,3,65257
1159,Female,3,4,Healthcare,9,2,188557
1160,Male,64,84,Healthcare,3,1,163783
1161,Female,1,97,Doctor,0,3,108342
1162,Female,20,21,Healthcare,7,4,155951
1163,Female,18,29,Artist,7,4,183071
1164,Female,83,20,Healthcare,4,6,124104
1165,Female,21,3,Healthcare,1,1,136747
1166,Male,19,18,Artist,4,1,189498
1167,Female,74,48,Artist,9,6,76149
1168,Female,44,54,Artist,0,1,185550
1169,Female,52,19,Artist,5,2,119567
1170,Female,14,30,Engineer,1,6,79806
1171,Male,10,66,Entertainment,1,5,180774
1172,Female,80,50,Lawyer,1,2,90142
1173,Female,82,84,Executive,0,2,184481
1174,Female,32,75,Artist,6,3,66089
1175,Female,16,83,Artist,4,1,60044
1176,Male,61,23,Executive,0,6,52543
1177,Male,57,23,Artist,0,1,50429
1178,Male,95,45,Engineer,1,2,178228
1179,Female,38,98,Artist,8,3,161130
1180,Male,70,38,Lawyer,1,6,87976
1181,Female,40,91,Artist,5,2,179150
1182,Female,92,32,Executive,1,6,163442
1183,Female,73,18,Entertainment,8,7,108159
1184,Female,62,14,Healthcare,0,1,73419
1185,Female,12,78,Doctor,11,6,138425
1186,Male,65,93,Healthcare,1,7,54431
1187,Female,88,81,Artist,2,2,168437
1188,Female,55,54,Entertainment,1,6,71322
1189,Female,99,14,,2,5,122548
1190,Female,20,32,Entertainment,1,5,141428
1191,Male,97,32,Artist,7,4,142214
1192,Female,93,43,Artist,9,6,62590
1193,Male,84,83,Artist,6,2,172523
1194,Female,16,76,Executive,2,6,157588
1195,Female,10,57,Doctor,4,7,143313
1196,Female,59,38,Doctor,1,2,119833
1197,Female,54,35,Entertainment,0,5,70803
1198,Male,82,47,Artist,1,4,139008
1199,Male,83,53,Artist,1,6,126669
1200,Male,87,10,Executive,9,4,122722
1201,Male,1,47,Artist,0,1,79800
1202,Male,89,5,Healthcare,6,1,100155
1203,Female,32,49,Artist,0,2,110846
1204,Female,1,69,Entertainment,0,3,106841
1205,Female,54,66,Doctor,12,5,117181
1206,Female,56,76,Healthcare,0,6,86898
1207,Female,31,81,Executive,4,7,143241
1208,Female,26,33,Healthcare,0,5,146028
1209,Male,7,65,Doctor,1,3,165287
1210,Female,60,9,Artist,1,2,132486
1211,Male,92,74,Artist,8,5,96424
1212,Female,93,41,Artist,1,5,151468
1213,Female,8,79,Healthcare,0,1,76561
1214,Female,81,81,Lawyer,0,6,125316
1215,Male,21,22,Entertainment,4,2,109373
1216,Male,96,12,Artist,0,7,135042
1217,Female,78,81,Artist,3,3,59784
1218,Male,86,63,Artist,1,2,140687
1219,Male,1,55,Healthcare,1,1,182927
1220,Female,62,44,Artist,1,6,175534
1221,Male,68,6,Lawyer,1,3,170957
1222,Male,70,76,Artist,0,4,81197
1223,Female,21,8,Healthcare,0,4,104888
1224,Male,74,18,,8,5,184838
1225,Female,62,66,Executive,0,2,139588
1226,Male,22,45,Homemaker,0,3,126543
1227,Female,87,45,Entertainment,14,2,177260
1228,Male,44,42,Healthcare,9,5,156823
1229,Female,27,52,Engineer,8,6,183201
1230,Female,95,46,Artist,4,6,84925
1231,Male,89,47,Artist,9,2,69719
1232,Female,41,13,Healthcare,1,3,61355
1233,Male,41,49,Doctor,14,5,156014
1234,Male,21,21,Entertainment,11,7,184088
1235,Female,59,98,Artist,1,1,158372
1236,Female,64,67,Healthcare,1,7,135742
1237,Female,38,82,Marketing,0,4,145704
1238,Female,70,23,Executive,4,3,157307
1239,Female,25,73,Executive,1,5,88064
1240,Female,3,59,Homemaker,3,1,167226
1241,Female,70,8,Marketing,1,4,153821
1242,Male,29,78,Doctor,9,5,170669
1243,Male,88,13,Artist,3,3,93555
1244,Female,20,18,Healthcare,1,3,101941
1245,Female,58,44,Engineer,0,6,78795
1246,Female,70,94,Engineer,0,5,55875
1247,Female,44,81,Lawyer,1,5,177513
1248,Female,87,83,Doctor,0,3,100850
1249,Female,0,63,Entertainment,0,7,143082
1250,Female,96,4,Artist,9,6,85447
1251,Female,75,33,Doctor,9,4,114213
1252,Male,14,69,Executive,0,1,161120
1253,Female,8,86,Entertainment,1,1,186682
1254,Male,58,75,Doctor,0,3,105302
1255,Female,5,47,Engineer,0,6,133400
1256,Male,70,23,Engineer,0,5,56432
1257,Female,49,72,Healthcare,3,3,136467
1258,Male,60,20,Engineer,0,5,189945
1259,Female,25,48,Lawyer,1,5,163966
1260,Male,47,17,Artist,0,3,52152
1261,Male,53,62,Homemaker,12,7,145720
1262,Male,24,61,Healthcare,1,5,188034
1263,Female,46,3,Homemaker,9,2,127911
1264,Female,70,31,Lawyer,1,1,174114
1265,Male,53,10,Artist,14,3,144489
1266,Male,63,47,Lawyer,0,5,77440
1267,Female,24,44,Artist,1,6,86119
1268,Female,5,49,Entertainment,1,3,100056
1269,Male,7,50,Artist,8,7,66686
1270,Female,71,41,Doctor,1,6,74696
1271,Male,23,50,Entertainment,4,5,65641
1272,Female,0,81,Entertainment,1,6,61228
1273,Female,2,87,Healthcare,0,4,138529
1274,Female,72,4,Artist,1,4,152405
1275,Male,18,84,Doctor,0,4,157757
1276,Male,11,59,Engineer,6,4,166361
1277,Female,95,30,Artist,1,7,67227
1278,Male,20,88,Engineer,0,4,161156
1279,Female,58,70,Healthcare,1,7,170647
1280,Female,67,36,Healthcare,0,2,161646
1281,Male,43,18,Healthcare,9,6,98016
1282,Male,36,19,Artist,0,6,50526
1283,Male,2,43,Executive,8,4,175208
1284,Female,35,48,Engineer,0,7,97721
1285,Female,81,81,Entertainment,3,4,142013
1286,Male,84,76,Artist,0,3,166737
1287,Female,18,13,Entertainment,0,2,62651
1288,Female,54,4,Homemaker,8,4,179546
1289,Female,98,81,Artist,12,7,51866
1290,Female,75,42,Executive,9,4,86297
1291,Female,98,23,Artist,0,4,65031
1292,Male,94,25,Entertainment,0,2,69383
1293,Male,24,63,Artist,5,3,70733
1294,Female,47,89,Artist,6,2,187898
1295,Female,40,55,Engineer,1,4,116001
1296,Male,68,4,Artist,9,1,87040
1297,Female,18,74,Artist,2,2,180956
1298,Female,83,82,Healthcare,0,6,115517
1299,Male,34,46,Lawyer,1,3,76979
1300,Male,81,56,Artist,10,5,50798
1301,Female,61,43,Artist,1,3,146350
1302,Female,77,61,Healthcare,5,3,81112
1303,Male,52,20,Doctor,1,6,80605
1304,Male,40,11,Doctor,1,6,171949
1305,Male,93,26,Artist,8,6,159006
1306,Female,45,96,Healthcare,1,2,177368
1307,Female,83,3,Artist,1,1,187643
1308,Male,23,25,Lawyer,0,7,93841
1309,Male,15,92,Healthcare,0,7,131061
1310,Male,79,20,Entertainment,6,6,146130
1311,Male,80,79,Doctor,1,5,84471
1312,Female,35,15,Entertainment,0,4,144485
1313,Female,39,78,Healthcare,2,5,158638
1314,Male,4,28,Entertainment,0,4,96693
1315,Female,83,93,Healthcare,4,7,129507
1316,Female,94,39,Healthcare,0,4,114510
1317,Female,33,17,,1,2,109396
1318,Female,12,96,Artist,10,5,149031
1319,Female,77,13,Lawyer,1,2,66256
1320,Female,48,69,Doctor,8,4,118285
1321,Male,97,58,Artist,4,5,128723
1322,Female,28,91,Artist,4,7,178285
1323,Female,99,74,Marketing,7,2,144176
1324,Male,27,31,Artist,9,3,82474
1325,Female,95,84,Lawyer,6,2,159010
1326,Female,6,83,Artist,6,2,76164
1327,Male,18,49,Executive,6,5,77873
1328,Male,42,89,Artist,6,4,53392
1329,Male,50,41,Artist,9,7,168898
1330,Male,86,7,Homemaker,5,5,128917
1331,Male,69,49,Lawyer,5,4,185067
1332,Male,23,76,Artist,10,3,132183
1333,Female,82,46,Healthcare,7,1,82060
1334,Female,97,58,Artist,7,4,133614
1335,Male,42,64,,7,6,94844
1336,Female,75,5,Doctor,5,5,76474
1337,Female,14,9,Healthcare,8,1,94655
1338,Male,3,30,Doctor,8,1,60933
1339,Male,16,82,Healthcare,6,2,79257
1340,Female,45,36,Entertainment,5,2,125677
1341,Female,23,56,Artist,1,5,127971
1342,Male,38,62,Executive,9,3,76103
1343,Female,45,96,Artist,0,5,114741
1344,Female,82,92,Artist,1,1,157994
1345,Male,73,44,Entertainment,3,1,93786
1346,Male,36,41,Entertainment,1,7,75178
1347,Male,13,81,Healthcare,1,4,175267
1348,Female,96,100,Healthcare,8,1,99263
1349,Female,83,3,Healthcare,0,4,52590
1350,Male,33,75,Artist,0,4,170959
1351,Male,68,60,Engineer,1,5,135076
1352,Male,88,34,Lawyer,0,1,167112
1353,Female,87,12,Doctor,1,6,184639
1354,Female,88,80,Artist,6,6,172369
1355,Female,43,67,Marketing,1,7,124256
1356,Female,64,92,Artist,10,6,89972
1357,Male,96,42,Entertainment,1,6,67799
1358,Female,72,70,Doctor,1,7,176074
1359,Male,48,27,Artist,2,7,167517
1360,Female,64,11,Artist,1,6,77914
1361,Female,8,81,Doctor,0,2,57605
1362,Female,52,70,Engineer,1,7,86365
1363,Male,3,39,Healthcare,1,2,93883
1364,Female,44,62,Artist,4,1,131091
1365,Male,14,14,Healthcare,8,4,87222
1366,Female,50,45,Doctor,1,2,117076
1367,Male,53,1,Healthcare,1,2,150925
1368,Female,31,100,Lawyer,0,3,149379
1369,Female,31,94,Engineer,4,3,138644
1370,Male,97,42,Doctor,4,7,148493
1371,Male,27,66,Lawyer,4,6,84658
1372,Male,2,99,Lawyer,6,5,111618
1373,Male,81,60,Artist,7,6,108759
1374,Male,64,73,Artist,10,5,186203
1375,Female,11,59,Lawyer,10,2,147258
1376,Female,78,67,Healthcare,7,7,132983
1377,Male,72,39,Engineer,8,1,149092
1378,Male,36,84,Doctor,5,7,163845
1379,Male,97,67,Artist,5,5,117777
1380,Male,88,18,Artist,7,3,131584
1381,Female,21,91,Artist,7,5,123904
1382,Female,62,88,Artist,5,4,89801
1383,Male,73,57,Entertainment,10,5,173466
1384,Female,34,4,Marketing,4,6,55690
1385,Female,50,72,,5,1,104467
1386,Male,39,19,Artist,5,4,100419
1387,Female,82,47,Lawyer,8,2,62951
1388,Male,39,1,Lawyer,4,6,118554
1389,Female,13,49,Artist,6,7,140673
1390,Female,68,87,Healthcare,5,3,75561
1391,Female,77,50,Healthcare,6,6,147306
1392,Female,35,30,Doctor,10,1,111871
1393,Male,5,43,Healthcare,0,6,112884
1394,Female,47,58,Engineer,1,1,121267
1395,Female,48,93,Artist,7,2,151519
1396,Female,34,40,Artist,0,5,105448
1397,Female,20,91,Healthcare,1,1,92048
1398,Male,61,94,Healthcare,10,1,99980
1399,Male,16,68,Artist,9,6,84003
1400,Male,2,95,Executive,1,2,110889
1401,Female,52,95,Executive,10,1,82478
1402,Male,99,20,Healthcare,1,4,139685
1403,Female,84,62,Entertainment,0,6,182374
1404,Female,58,94,Engineer,4,2,119366
1405,Female,91,57,Doctor,0,2,53788
1406,Female,1,92,Doctor,0,2,90341
1407,Female,67,94,Engineer,1,7,118348
1408,Male,56,87,Artist,0,2,137428
1409,Female,62,53,Entertainment,1,7,106982
1410,Female,12,52,Doctor,0,6,98532
1411,Female,38,24,Executive,9,7,120825
1412,Female,51,83,Executive,1,5,58006
1413,Male,20,73,Artist,1,1,106941
1414,Male,43,31,Entertainment,1,2,129782
1415,Male,93,90,Engineer,0,6,121513
1416,Female,54,30,Healthcare,0,3,79925
1417,Male,23,74,Healthcare,7,7,112089
1418,Female,1,27,,3,4,138656
1419,Female,64,90,Healthcare,8,3,146794
1420,Female,55,30,Engineer,5,5,75033
1421,Female,85,78,Executive,0,6,149969
1422,Female,20,39,Healthcare,5,5,124852
1423,Male,73,42,Executive,8,4,154837
1424,Female,53,55,Executive,0,1,145678
1425,Female,7,89,Artist,8,7,137354
1426,Female,50,48,Entertainment,1,3,136660
1427,Female,12,99,Artist,0,6,63334
1428,Male,37,29,Executive,1,5,62893
1429,Male,78,89,Doctor,9,2,163514
1430,Male,29,40,Marketing,10,2,145934
1431,Female,54,58,Lawyer,10,7,119223
1432,Male,89,18,Doctor,10,2,127479
1433,Female,25,98,Artist,6,6,136146
1434,Female,14,46,Artist,7,3,76001
1435,Female,12,24,Healthcare,6,2,84885
1436,Female,18,1,Artist,6,2,82812
1437,Male,74,43,Entertainment,5,5,51260
1438,Male,21,42,Healthcare,5,5,159572
1439,Male,9,88,Artist,9,7,130186
1440,Female,49,57,Artist,5,6,176954
1441,Male,58,99,Artist,5,4,85908
1442,Female,16,5,Healthcare,10,7,75831
1443,Female,55,56,Engineer,7,3,123045
1444,Female,31,10,Lawyer,9,1,161211
1445,Female,59,27,Marketing,6,4,81702
1446,Female,25,3,Artist,8,6,173043
1447,Male,63,90,Artist,6,1,126380
1448,Female,60,27,Healthcare,6,5,128205
1449,Female,41,73,Artist,10,3,181355
1450,Female,84,70,Healthcare,9,7,97931
1451,Male,72,25,Artist,6,1,146432
1452,Female,97,41,Artist,6,4,125731
1453,Female,43,70,Healthcare,5,2,132701
1454,Female,63,8,Artist,5,1,116095
1455,Female,7,42,Artist,9,5,135773
1456,Male,54,45,Healthcare,9,6,136417
1457,Male,27,82,Artist,9,3,80783
1458,Male,28,60,Executive,6,6,182580
1459,Female,84,48,Artist,7,2,143567
1460,Male,71,85,Entertainment,5,4,85908
1461,Female,88,99,Entertainment,4,4,139806
1462,Female,75,24,Artist,8,1,77269
1463,Female,96,65,Engineer,4,5,105968
1464,Female,83,19,Engineer,10,4,125660
1465,Female,86,76,Entertainment,7,4,98444
1466,Male,60,9,Artist,4,3,179503
1467,Female,5,14,Engineer,5,2,60575
1468,Female,65,19,Marketing,7,3,75685
1469,Female,49,45,Artist,8,5,85374
1470,Female,78,19,Marketing,5,6,128642
1471,Male,25,78,Artist,7,5,182292
1472,Female,5,94,Artist,10,3,124702
1473,Female,58,2,Artist,7,7,127833
1474,Female,80,97,Artist,8,4,178866
1475,Female,94,51,Artist,5,5,183643
1476,Male,62,4,Executive,5,6,113306
1477,Male,20,77,Artist,8,4,84008
1478,Male,85,35,Lawyer,10,4,85758
1479,Female,72,45,Engineer,8,7,63128
1480,Male,95,6,Executive,10,6,70174
1481,Female,97,42,Engineer,5,5,170133
1482,Female,25,42,Artist,7,3,165978
1483,Female,17,78,Artist,7,3,149727
1484,Female,19,86,,9,4,147052
1485,Female,59,79,Doctor,4,6,113389
1486,Male,30,73,Entertainment,10,4,111690
1487,Female,63,60,Doctor,9,3,184830
1488,Female,23,23,Artist,4,3,91549
1489,Female,97,17,Marketing,6,3,94629
1490,Female,97,99,Artist,4,7,167558
1491,Male,94,57,Artist,9,3,119189
1492,Female,28,67,Artist,5,5,96207
1493,Male,21,6,Doctor,4,7,85339
1494,Female,25,7,Artist,5,5,111942
1495,Female,48,45,Engineer,5,4,157003
1496,Female,53,23,Artist,9,7,117123
1497,Female,97,76,Artist,7,2,172747
1498,Male,33,52,Healthcare,7,4,157358
1499,Male,5,20,Entertainment,4,5,156655
1500,Male,72,93,Doctor,7,6,166043
1501,Male,40,15,Doctor,10,6,67768
1502,Male,34,34,Doctor,8,4,171353
1503,Female,63,76,Executive,7,5,116971
1504,Female,85,38,Doctor,5,3,97822
1505,Female,86,83,Healthcare,10,3,117203
1506,Female,63,100,Artist,10,1,88720
1507,Female,9,18,,5,1,173233
1508,Female,76,36,Artist,8,7,139447
1509,Male,19,93,Entertainment,6,3,179269
1510,Female,84,90,Engineer,5,6,136254
1511,Male,38,56,Executive,8,2,174594
1512,Female,1,19,Entertainment,9,1,100429
1513,Female,30,48,Artist,9,1,73107
1514,Female,86,25,Artist,6,6,98344
1515,Male,21,21,Healthcare,10,1,163509
1516,Male,15,16,Engineer,8,2,116204
1517,Female,87,53,Healthcare,9,1,95853
1518,Male,40,70,Artist,6,5,156411
1519,Male,2,36,Homemaker,5,7,72889
1520,Female,63,79,Healthcare,9,3,106691
1521,Male,26,42,Artist,5,3,144832
1522,Male,29,53,Entertainment,8,1,132297
1523,Female,7,3,Executive,9,5,170345
1524,Male,28,13,Lawyer,8,2,157383
1525,Female,99,18,Executive,8,2,150782
1526,Male,69,87,Healthcare,10,5,143987
1527,Female,13,59,Entertainment,6,7,129659
1528,Male,73,36,Healthcare,5,1,104826
1529,Female,4,59,Healthcare,10,4,181471
1530,Female,42,56,Artist,7,4,152547
1531,Male,43,9,Doctor,1,1,85347
1532,Female,79,32,Executive,0,5,122828
1533,Male,18,17,Engineer,0,5,107794
1534,Male,39,11,Entertainment,1,7,152566
1535,Female,41,99,Entertainment,0,3,91715
1536,Female,60,48,Artist,1,6,99222
1537,Female,39,99,Engineer,0,4,70280
1538,Female,90,86,Healthcare,1,2,70030
1539,Female,83,24,Artist,1,1,102083
1540,Female,92,87,Engineer,8,5,166163
1541,Female,6,27,Engineer,8,6,182871
1542,Male,50,61,Executive,4,6,187545
1543,Male,90,86,Entertainment,0,1,182910
1544,Female,13,30,Lawyer,1,6,174530
1545,Female,27,37,Artist,0,6,115438
1546,Female,93,80,Artist,4,2,93964
1547,Female,61,75,Healthcare,1,3,180341
1548,Female,91,1,Engineer,7,7,107323
1549,Female,79,55,Entertainment,0,7,119435
1550,Female,80,22,Artist,13,6,68341
1551,Female,16,60,Artist,0,5,95365
1552,Male,4,79,Lawyer,1,7,131093
1553,Female,34,3,Healthcare,1,1,100621
1554,Male,10,47,Doctor,0,2,116521
1555,Female,3,88,Executive,0,3,136316
1556,Male,96,51,Lawyer,0,6,172039
1557,Female,48,22,Entertainment,0,3,70844
1558,Male,25,96,Marketing,1,6,100964
1559,Female,98,39,Entertainment,6,2,128037
1560,Male,84,75,Marketing,1,3,97081
1561,Male,88,47,Marketing,0,6,92247
1562,Male,86,92,Artist,1,3,129914
1563,Female,0,53,Engineer,9,5,94014
1564,Female,56,93,Artist,0,5,138864
1565,Male,6,46,Marketing,1,5,169299
1566,Male,2,40,Healthcare,0,7,119097
1567,Female,73,23,Doctor,1,2,68161
1568,Female,38,32,Homemaker,1,1,181108
1569,Male,37,59,Engineer,9,7,87764
1570,Female,41,54,Artist,7,3,102543
1571,Male,94,13,Artist,1,3,139417
1572,Female,57,29,Homemaker,9,1,81802
1573,Female,96,51,Artist,0,1,102788
1574,Female,59,19,Healthcare,1,7,163179
1575,Male,87,22,Healthcare,1,3,71318
1576,Male,55,34,Healthcare,3,1,63683
1577,Female,16,37,Healthcare,8,5,189689
1578,Male,82,36,Artist,0,5,121610
1579,Female,83,25,Artist,1,1,150682
1580,Female,96,46,Marketing,0,3,124550
1581,Male,55,99,Artist,0,4,148875
1582,Male,6,44,Artist,1,3,107117
1583,Male,33,43,Engineer,1,5,109223
1584,Female,0,7,Marketing,2,6,120899
1585,Female,27,31,Artist,0,5,101948
1586,Male,72,58,Engineer,0,4,143169
1587,Female,13,4,Healthcare,7,6,167619
1588,Female,19,59,Healthcare,3,5,181795
1589,Female,48,41,Engineer,0,1,186445
1590,Female,58,24,Artist,1,1,102205
1591,Female,21,69,Healthcare,0,2,52326
1592,Male,91,5,Entertainment,1,5,82992
1593,Male,44,55,Homemaker,1,7,145520
1594,Female,80,96,Artist,2,4,104820
1595,Female,28,79,Entertainment,0,2,69025
1596,Male,74,89,Entertainment,0,4,164976
1597,Female,79,51,Executive,5,5,178576
1598,Female,42,52,Marketing,0,5,72415
1599,Male,80,24,Entertainment,0,3,112146
